{"accuracy": [0.6000000238418579, 0.824999988079071, 0.918749988079071, 0.9083333611488342, 0.9270833134651184, 0.949999988079071, 0.9354166388511658, 0.9520833492279053, 0.9395833611488342, 0.9375, 0.9291666746139526, 0.9270833134651184, 0.9520833492279053, 0.9333333373069763, 0.96875, 0.9791666865348816, 0.9708333611488342, 0.9791666865348816, 0.9729166626930237, 0.9833333492279053, 0.981249988079071, 0.987500011920929, 0.9854166507720947, 0.9791666865348816, 0.9833333492279053, 0.9916666746139526, 0.9916666746139526, 0.981249988079071, 0.987500011920929, 0.987500011920929, 0.9937499761581421], "loss": [1.1368520259857178, 0.44746196269989014, 0.2508677840232849, 0.2570277452468872, 0.21007205545902252, 0.17568542063236237, 0.14396579563617706, 0.13186964392662048, 0.165448859333992, 0.14880412817001343, 0.2085362821817398, 0.17714397609233856, 0.14087800681591034, 0.17041857540607452, 0.11417201161384583, 0.08636441081762314, 0.09063354134559631, 0.06901966035366058, 0.07586250454187393, 0.05387546494603157, 0.05409242585301399, 0.04822444170713425, 0.03803109750151634, 0.05614785477519035, 0.05268193781375885, 0.03771280124783516, 0.027920512482523918, 0.04947689548134804, 0.0371636264026165, 0.0396113321185112, 0.03447509929537773], "val_accuracy": [0.7749999761581421, 0.8583333492279053, 0.8583333492279053, 0.875, 0.8666666746139526, 0.8500000238418579, 0.8666666746139526, 0.875, 0.8833333253860474, 0.8999999761581421, 0.8833333253860474, 0.875, 0.9166666865348816, 0.9583333134651184, 0.8833333253860474, 0.9416666626930237, 0.9083333611488342, 0.9166666865348816, 0.8916666507720947, 0.9166666865348816, 0.9083333611488342, 0.925000011920929, 0.9416666626930237, 0.9166666865348816, 0.9333333373069763, 0.8999999761581421, 0.8916666507720947, 0.9166666865348816, 0.8916666507720947, 0.925000011920929, 0.949999988079071], "val_loss": [0.44510334730148315, 0.3280099928379059, 0.29615363478660583, 0.2532561421394348, 0.2792905867099762, 0.3081842362880707, 0.304844468832016, 0.3167770504951477, 0.24799492955207825, 0.2554527223110199, 0.2730972170829773, 0.2622620463371277, 0.20328885316848755, 0.13713102042675018, 0.2184775024652481, 0.12404130399227142, 0.1877116560935974, 0.27707231044769287, 0.2797168791294098, 0.17944008111953735, 0.17771002650260925, 0.15800181031227112, 0.15811964869499207, 0.26531922817230225, 0.14532314240932465, 0.22699634730815887, 0.33174145221710205, 0.2449830174446106, 0.3271637558937073, 0.19771799445152283, 0.22726082801818848]}